m_num,x,y
0,3.0353553390593273,3.0353553390593273
1,2.9517037086855464,3.0129409522551263
2,3.012940952255126,2.9517037086855464
